Workbook

Sheet Start here
A1: Signal School – manual testing
A2: Read the PDF guide first (Signal-School-QA-Guide.pdf). It explains the school, the app and how to test.
A4: How to use this file
A5: 1. Go to the sheet "Test cases". Do the tests from top to bottom (some tests use what an earlier test did).
A6: 2. For each row: log in as the person in "Who logs in" (see sheet "Logins"), follow "Steps", use "Test data".
A7: 3. Compare what you see with "Expected result". Choose a Status: Pass, Fail, Blocked or Skipped.
A8: 4. Write anything odd in "Comments" – even small things (a word cut off, a slow page, a confusing button).
A9: 5. For every Fail, add a row in the sheet "Bugs" with a screenshot name. Put the screenshots in one folder.
A10: 6. The sheet "Summary" counts Pass / Fail automatically.
A12: Status meaning
A13: Pass – works as written. Fail – something is different or broken. Blocked – could not test (e.g. earlier step failed).
A14: Skipped – not tested on purpose (write why). Not run – not done yet.
... A21: • Never use real children's names, photos or phone numbers while testing.

Sheet Test cases
A1: ID | B1: Area | C1: Who logs in | D1: Device | E1: Where (screen / path) | F1: Steps | G1: Test data | H1: Expected result | I1: Priority | J1: Status | K1: Comments | L1: Tested on (date) | M1: Tester
A2: LG-01 | B2: Login | C2: — | D2: Phone | E2: Open the app link | F2: Open the link for the first time. Tap "मराठी", then "हिंदी", then "ગુજરાતી", then "English". | H2: The login screen changes language each time you tap. Logo, "Signal School" and the Log in box are visible without zooming. | I2: High | J2: Not run
A3: LG-02 | B3: Login | C3: Teacher (email) | D3: Phone | E3: Login screen | F3: Type the email and password, tap "Log in". | G3: sunita@demo.test / password123 | H3: Opens the "Today" page with "Namaste, Sunita". | I3: High | J3: Not run
A4: LG-03 | B4: Login | C4: Teacher (mobile) | D4: Phone | E4: Login screen | F4: Log out. Log in with the mobile number instead of email. | G4: 9820000004 / password123 | H4: Opens the "Today" page with "Namaste, Sunita". | I4: High | J4: Not run
A5: LG-04 | B5: Login | C5: Teacher | D5: Phone | E5: Login screen | F5: Type a wrong password and tap "Log in". | G5: sunita@demo.test / wrong123 | H5: Red message "Wrong mobile number/email or password". You stay on the login screen. | I5: High | J5: Not run
A6: LG-05 | B6: Login | C6: — | D6: Phone | E6: Login screen | F6: Leave both boxes empty and tap "Log in". | H6: You are not logged in. The empty boxes are marked as needed. | I6: Medium | J6: Not run
A7: LG-06 | B7: Login | C7: — | D7: Phone | E7: Login screen | F7: Type a password. Tap the eye icon, then tap it again. | G7: any | H7: The password shows as letters, then hides again as dots. | I7: Low | J7: Not run
A8: LG-07 | B8: Login | C8: Inactive teacher | D8: Phone | E8: Login screen | F8: Log in with the inactive account. | G8: inactive@demo.test / password123 | H8: Message "This account is inactive. Contact the school office." Not logged in. | I8: High | J8: Not run
A9: LG-08 | B9: Login | C9: New teacher | D9: Phone | E9: Login → Welcome page | F9: Log in with the temporary password. On "Welcome, Neha Joshi" type current password, then a new password and a DIFFERENT one in "Type the new password again". Tap "Change password". | G9: newteacher@demo.test / Welcome@123; new: NehaQa@2026; again: NehaQa@2027 | H9: Message "Passwords do not match". Password is not changed. | I9: High | J9: Not run
A10: LG-09 | B10: Login | C10: New teacher | D10: Phone | E10: Welcome page | F10: Now type a short new password (both boxes the same) and tap "Change password". | G10: new: abc12 | H10: Message "At least 8 characters". Password is not changed. | I10: Medium | J10: Not run
A11: LG-10 | B11: Login | C11: New teacher | D11: Phone | E11: Welcome page | F11: Type the right values and tap "Change password". | G11: current: Welcome@123; new and again: NehaQa@2026 | H11: "Password changed". The Today page opens and says "No class is assigned to you yet". Log out and log in with NehaQa@2026: works. | I11: High | J11: Not run
A12: LG-11 | B12: Login | C12: Teacher | D12: Phone | E12: Me → Log out | F12: Tap "More" → "Me" → "Log out" → confirm "Log out". Then press the phone's Back button. | H12: The login screen opens. Back does not show the app pages again. | I12: High | J12: Not run
A13: LG-12 | B13: Login | C13: Teacher | D13: Phone | E13: Any page | F13: Log in, close the browser tab completely, open the app link again. | H13: You are still logged in (no need to type the password again). | I13: Medium | J13: Not run
A14: LG-13 | B14: Login | C14: Teacher | D14: Computer | E14: Login screen | F14: Type a wrong password 10 times for Pooja (pooja@demo.test). Then type the right password. | G14: pooja@demo.test / wrong… then password123 | H14: After 10 wrong tries: "Too many wrong attempts. Try again after 15 minutes." The right password also waits 15 minutes. | I14: Low | J14: Not run
A15: TC-01 | B15: Teacher – Today | C15: Teacher | D15: Phone | E15: Today | F15: Log in as Sunita. Look at the Today page. | G15: sunita@demo.test | H15: Shows "Namaste, Sunita", today's date, "Attendance is waiting in 1 class", class card "Std 1 A – Attendance not taken yet" with a big "Take attendance" button, and "My subjects" with progress bars. | I15: High | J15: Not run
A16: TC-02 | B16: Teacher – Today | C16: Teacher | D16: Phone | E16: Bottom bar | F16: Tap each item of the bottom bar: Today, Attendance, Students, Syllabus, More. | H16: Each opens its page. "More" opens a small sheet with "Marks" and "Me". The bar stays at the bottom and never hides buttons. | I16: High | J16: Not run
A17: TC-03 | B17: Teacher – Attendance | C17: Teacher | D17: Phone | E17: Today → Take attendance | F17: Tap "Take attendance" on Std 1 A. | H17: List of all Std 1 A children with roll numbers. Everyone starts on P (green). Counts show "Present: (all) · Absent: 0 · Leave: 0". A short help note is shown. | I17: High | J17: Not run
A18: TC-04 | B18: Teacher – Attendance | C18: Teacher | D18: Phone | E18: Take attendance | F18: Tap "A" for Aryan Mhatre and "L" for Riya Kale. | G18: Aryan Mhatre, Riya Kale | H18: Aryan's row turns red (A), Riya's turns yellow (L). Counts change at once: Absent 1, Leave 1. | I18: High | J18: Not run
A19: TC-05 | B19: Teacher – Attendance | C19: Teacher | D19: Phone | E19: Take attendance | F19: Type a name in the "Search" box above the list. Then clear it. | G19: Riya | H19: Only Riya Kale is listed. After clearing, all children are back with your marks kept. | I19: Medium | J19: Not run
A20: TC-06 | B20: Teacher – Attendance | C20: Teacher | D20: Phone | E20: Take attendance | F20: Tap "Save attendance". | H20: Message "Attendance saved: … present, 1 absent". Today page now shows Std 1 A in green "Attendance done: … present (time)" and the button says "Change attendance". | I20: High | J20: Not run
A21: TC-07 | B21: Teacher – Attendance | C21: Teacher | D21: Phone | E21: Today → Change attendance | F21: Open it again. Change Aryan to P. Do not save yet. | H21: A note says "You changed some marks. Press Save attendance to keep them." After "Save attendance" the new counts are saved. | I21: High | J21: Not run
A22: TC-08 | B22: Teacher – Attendance | C22: Teacher | D22: Phone | E22: Take attendance | F22: Mark 2 children A, then tap "Mark everyone present". | H22: Everyone is back on P. Counts show Absent 0. | I22: Medium | J22: Not run
A23: TC-09 | B23: Teacher – Attendance | C23: Teacher | D23: Phone | E23: Take attendance → Date | F23: Change the date to yesterday. | G23: yesterday | H23: Yesterday's saved attendance of Std 1 A is shown and can be changed and saved. | I23: Medium | J23: Not run
A24: TC-10 | B24: Teacher – Attendance | C24: Teacher | D24: Phone | E24: Take attendance → Date | F24: Change the date to a day 10 days ago. | G24: 10 days ago | H24: Warning "This date is too old to change. Ask the principal." The buttons cannot be changed and there is no Save button. | I24: High | J24: Not run
A25: TC-11 | B25: Teacher – Attendance | C25: Teacher | D25: Phone | E25: Take attendance → Date | F25: Try to pick tomorrow's date. | G25: tomorrow | H25: Not allowed: warning "You cannot choose a future date" (or the date cannot be picked). | I25: Medium | J25: Not run
A26: TC-12 | B26: Teacher – Attendance | C26: Teacher | D26: Phone | E26: Take attendance (no internet) | F26: Turn ON Airplane mode. Change one mark and tap "Save attendance". Then turn Airplane mode OFF and wait 1 minute. | H26: With no internet: "No internet. Attendance is saved on this phone and will be sent automatically…". After internet returns, the waiting message goes away and the change is saved (check it on a computer). | I26: High | J26: Not run
A27: TC-13 | B27: Teacher – Diary | C27: Teacher | D27: Phone | E27: Today → Class diary | F27: Tap "Class diary" on Std 1 A. Write a note and save. | G27: Today we learned numbers 1 to 20. | H27: "Diary saved". The note shows with today's date and "by Sunita Patil". | I27: Medium | J27: Not run
A28: TC-14 | B28: Teacher – Students | C28: Teacher | D28: Phone | E28: Today → Students | F28: Tap "Students" on the Std 1 A card. | H28: The Std 1 A class list opens with photos (or initials), roll numbers and today's mark. | I28: Medium | J28: Not run
A29: TC-15 | B29: Teacher – Students | C29: Teacher | D29: Phone | E29: Students → search | F29: Type in the search box. | G29: Riya | H29: Riya Kale appears (Std 1 A). | I29: High | J29: Not run
A30: TC-16 | B30: Teacher – Students | C30: Teacher | D30: Phone | E30: Students → search | F30: Search by the parent's mobile number. | G30: 9123400004 | H30: Kiran Thakur appears. | I30: Medium | J30: Not run
A31: TC-17 | B31: Teacher – Student profile | C31: Teacher | D31: Phone | E31: Students → Riya Kale | F31: Open Riya Kale. | H31: Photo, "Std 1 A", Roll no., GR number, age, "Sunil Kale · Father" with call and WhatsApp icons, and tabs: Details, Daily diary, Past years, Report card, Health. "Attendance this month" shows a small calendar with totals. | I31: High | J31: Not run
A32: TC-18 | B32: Teacher – Student profile | C32: Teacher | D32: Phone | E32: Riya Kale → Past years | F32: Open the "Past years" tab. | H32: Shows last year: Balwadi A, "Moved to next class", with that year's attendance. | I32: Medium | J32: Not run
A33: TC-19 | B33: Teacher – Student profile | C33: Teacher | D33: Phone | E33: Riya Kale → Daily diary | F33: Add a note about the child and save. | G33: Riya read a full story today. | H33: Note appears at the top with today's date and "by Sunita Patil". | I33: Medium | J33: Not run
A34: TC-20 | B34: Teacher – Student profile | C34: Teacher | D34: Phone | E34: Riya Kale → call / WhatsApp | F34: Tap the phone icon. Go back. Tap the WhatsApp icon. | H34: Phone dialer opens with 9123400001. WhatsApp opens a chat to that number (if WhatsApp is installed). | I34: Medium | J34: Not run
A35: TC-21 | B35: Teacher – Student profile | C35: Teacher | D35: Phone | E35: Aryan Mhatre → camera icon | F35: Open Aryan Mhatre (no photo). Tap the camera icon on the picture, choose the photo file. | G35: test-files/child-photo-boy.jpg | H35: The photo shows on the profile and in the class list. | I35: High | J35: Not run
A36: TC-22 | B36: Teacher – Student profile | C36: Teacher | D36: Phone | E36: Aryan Mhatre → camera icon | F36: Try to upload the wrong files as a photo. | G36: not-a-photo.pdf, then photo-too-big-9MB.png | H36: PDF: "This file type is not allowed" (or it cannot be picked). Big file: "The file is too large". The old photo stays. | I36: Medium | J36: Not run
A37: TC-23 | B37: Teacher – Student profile | C37: Teacher | D37: Phone | E37: Riya Kale → Edit | F37: Tap "Edit", change the address, tap "Save student". | G37: New address: Kopri, Thane | H37: "Saved". Details tab shows the new address. | I37: Medium | J37: Not run
A38: TC-24 | B38: Teacher – Student profile | C38: Teacher | D38: Phone | E38: Riya Kale → Health | F38: Add a health check-up: today's date, height and weight. Save. | G38: Height 112, Weight 19 | H38: The check-up shows in the list with "Height: 112 cm", "Weight: 19 kg". | I38: Medium | J38: Not run
A39: TC-25 | B39: Teacher – Students | C39: Teacher | D39: Phone | E39: Students → Add student | F39: Tap "Add student". Fill name, class, gender. Tap "Save student". | G39: QA Child One, Std 1 A, Girl | H39: Message "QA Child One added with register number SS-…". The child is in the Std 1 A list. | I39: High | J39: Not run
A40: TC-26 | B40: Teacher – Students | C40: Teacher | D40: Phone | E40: Students → Add student | F40: Add a child with the same name and parent mobile as an existing child. | G40: Riya Kale, Std 1 A, mobile 9123400001 | H40: Question "Is this child already in the school records?" shows Riya Kale. Tap Cancel: nothing is added. | I40: High | J40: Not run
A41: TC-27 | B41: Teacher – Syllabus | C41: Teacher | D41: Phone | E41: Syllabus → Maths · Std 1 A | F41: Open a subject. Tap "Mark as taught" on a topic that is not taught yet. Then undo with "Mark as not taught". | G41: Maths · Std 1 A | H41: The topic shows "Taught on (today) by Me" and the % goes up; after undo it goes back. | I41: High | J41: Not run
A42: TC-28 | B42: Teacher – Marks | C42: Teacher | D42: Phone | E42: More → Marks | F42: Choose Class Std 1 A, Subject Maths, Term Semester 1. In "Maximum marks for everyone" type 50 and tap "Fill in". Enter marks for 3 children. Save. | G42: Marks: 45, 30, 12 | H42: "Saved". Reopen Marks: the numbers are still there. | I42: High | J42: Not run
A43: TC-29 | B43: Teacher – Marks | C43: Teacher | D43: Phone | E43: More → Marks | F43: Enter marks higher than "Out of". | G43: 60 out of 50 | H43: Message "More than maximum marks". Not saved. | I43: Medium | J43: Not run
A44: TC-30 | B44: Teacher – Marks | C44: Teacher | D44: Phone | E44: Riya Kale → Report card | F44: Open the "Report card" tab, choose Semester 1, tap "Open report card", then "Print / Save PDF". | H44: Shows school name, child details, marks, attendance line and signature lines (Class teacher, Principal, Parent). The print / save as PDF screen opens. | I44: Medium | J44: Not run
A45: TC-31 | B45: Teacher – Old year | C45: Teacher | D45: Phone | E45: Year box at the top | F45: Change the year at the top from 2026-27 to the year before. Open Attendance and a child. Then choose the current year again. | H45: Banner "You are viewing … Old years can be seen but not changed." Nothing can be saved in the old year. "Back to …" returns to the current year. | I45: Medium | J45: Not run
A46: TC-32 | B46: Teacher – Me | C46: Teacher | D46: Phone | E46: More → Me → Language | F46: Choose हिंदी. Open Today, Attendance, Students. Then choose English again. | H46: The whole app (menus, buttons, messages) is in Hindi, then back to English. Note any word still in English. | I46: High | J46: Not run
A47: TC-33 | B47: Teacher – Me | C47: Teacher | D47: Phone | E47: More → Me → Text size | F47: Choose the biggest "Aa". Open Today and Take attendance. Then choose Normal again. | H47: Text gets bigger everywhere. Nothing overlaps or is cut, no sideways scrolling. Back to normal after. | I47: Medium | J47: Not run
A48: TC-34 | B48: Teacher – Me | C48: Teacher | D48: Phone | E48: More → Me → photo | F48: Tap the camera on your own picture and choose a photo. | G48: test-files/teacher-photo.jpg | H48: Your photo shows on the Me page. | I48: Low | J48: Not run
A49: TC-35 | B49: Teacher – Access | C49: Teacher | D49: Phone | E49: Menus | F49: Look at the menus. Then type /staff at the end of the app address and open it. | H49: No "Teachers & staff", "School settings", "Academic years" or "Activity log" for a teacher. Opening /staff goes back to the Today page. | I49: High | J49: Not run
A50: TC-36 | B50: Teacher – Subject teacher | C50: Teacher (Rahul) | D50: Phone | E50: Today | F50: Log in as Rahul. | G50: rahul@demo.test | H50: Std 5 A card shows attendance already done (green). "My subjects" lists Maths and English for Std 5 A, 6 A, 7 A. | I50: Medium | J50: Not run
A51: CL-01 | B51: Office clerk | C51: Office clerk | D51: Computer | E51: Menu | F51: Log in as the clerk. | G51: clerk@demo.test | H51: Opens the Dashboard. Menu has Dashboard, Attendance, Students, Syllabus, Me. No Marks and no school setup pages. | I51: High | J51: Not run
A52: CL-02 | B52: Office clerk | C52: Office clerk | D52: Computer | E52: Attendance → Std 1 A | F52: Open Attendance, then a class. | H52: The class list is shown with a note "You can see this attendance, but only teachers and the principal can change it." No Save button. | I52: High | J52: Not run
A53: CL-03 | B53: Office clerk | C53: Office clerk | D53: Computer | E53: Students → Add student | F53: Add a child with all details: open "More details (parents, address, documents)" and fill them. Leave "Register number (GR)" empty. | G53: QA Child Two, Std 2 A, Boy, DOB 10/05/2019, parent Sunita Rane 9876501234, address Kalwa | H53: Saved with the next register number (SS-…). All details show on the profile. | I53: High | J53: Not run
A54: CL-04 | B54: Office clerk | C54: Office clerk | D54: Computer | E54: Students → Add student | F54: Tick "Date of birth not known" and fill approximate age. | G54: QA Child Three, Std 3 A, age 8 | H54: Saved. The profile shows the age as approximate. | I54: Medium | J54: Not run
A55: CL-05 | B55: Office clerk | C55: Office clerk | D55: Computer | E55: Students → Add student | F55: Type a wrong mobile number. | G55: 12345 | H55: Message "Enter a valid mobile number". Not saved until fixed. | I55: Medium | J55: Not run
A56: CL-06 | B56: Office clerk – Import | C56: Office clerk | D56: Computer | E56: Students → Import from Excel | F56: Tap "Download template" and open the file. | H56: An Excel file downloads with columns name*, class*, gender, date_of_birth … and a Help sheet listing the classes. | I56: Medium | J56: Not run
A57: CL-07 | B57: Office clerk – Import | C57: Office clerk | D57: Computer | E57: Students → Import from Excel | F57: Choose the good file. Check the rows. Tap "Import 5 students". | G57: test-files/students-import-5-good.xlsx | H57: "5 of 5 rows are ready". After import: "5 students imported". Asha Lokhande and Rohan Dhotre are now in Std 1 A. | I57: High | J57: Not run
A58: CL-08 | B58: Office clerk – Import | C58: Office clerk | D58: Computer | E58: Students → Import from Excel | F58: Choose the file with mistakes. | G58: test-files/students-import-with-errors.xlsx | H58: "1 of 5 rows are ready". Problems in red: Ajay Borse "Class: Class not found", row 4 "Full name: Required", Tara Jogdand "Date of birth: Wrong date (use DD/MM/YYYY)", Vikas Ingle "Parent mobile number: Please check this". "Import 1 student" adds only Meghna Salve. | I58: High | J58: Not run
A59: CL-09 | B59: Office clerk – Import | C59: Office clerk | D59: Phone | E59: Students → Import from Excel | F59: On a phone, import the CSV file. | G59: test-files/students-import-3-rows.csv | H59: "3 of 3 rows are ready", then "3 students imported". | I59: Medium | J59: Not run
A60: CL-10 | B60: Office clerk – Import | C60: Office clerk | D60: Computer | E60: Students → Import from Excel | F60: Choose the PDF file. | G60: test-files/not-a-photo.pdf | H60: "This file type is not allowed". Nothing imported. | I60: Medium | J60: Not run
A61: CL-11 | B61: Office clerk – Leaving | C61: Office clerk | D61: Phone + Computer | E61: Nikhil Sonawane → Mark as left school | F61: Open Nikhil Sonawane. Tap "Mark as left school". Choose a reason, add a note, confirm. | G61: Reason: Joined another school; note: Moved to TMC School No. 12 | H61: Status "Left school" with the date. Nikhil is no longer in the Std 3 A attendance list. | I61: High | J61: Not run
A62: CL-12 | B62: Office clerk – Leaving | C62: Office clerk | D62: Phone + Computer | E62: Nikhil Sonawane → Leaving certificate | F62: Tap "Leaving certificate", then "Print / Save PDF". | H62: Certificate with school name, GR number, name, parents, date of birth, last class, attendance, date of leaving. Print / save as PDF opens; nothing is cut off. | I62: High | J62: Not run
A63: CL-13 | B63: Office clerk – Leaving | C63: Office clerk | D63: Computer | E63: Riya Kale → (address)/certificate | F63: Open Riya Kale, add /certificate at the end of the address. | H63: Message "This child is still studying here. Mark the child as left before printing the certificate." | I63: Low | J63: Not run
A64: CL-14 | B64: Office clerk – Search | C64: Office clerk | D64: Phone + Computer | E64: Students → search | F64: Search "Lata". Then tick "Search all years". | G64: Lata | H64: Without the tick: "No students found". With the tick: Lata Bhalerao, "Left school". | I64: High | J64: Not run
A65: CL-15 | B65: Office clerk – Search | C65: Office clerk | D65: Phone + Computer | E65: Lata Bhalerao → Re-admit | F65: Open Lata. Tap "Re-admit", choose Std 3 A, confirm. | G65: Std 3 A | H65: "Saved". Lata is "Studying" in Std 3 A and appears in Std 3 A attendance. Her old year stays under "Past years". | I65: High | J65: Not run
A66: CL-16 | B66: Office clerk – Health | C66: Office clerk | D66: Phone + Computer | E66: Swati Gholap → Health | F66: Open Swati Gholap, tab Health. | H66: Message "The last check-up says this child needs to see a doctor again." with the note about her eyes. | I66: Medium | J66: Not run
A67: CL-17 | B67: Office clerk – Students | C67: Office clerk | D67: Computer | E67: Students → filters | F67: Use the Class filter (Std 4 A), then Status "Left school", then "All". | H67: The list and the count ("… children") change with each filter. | I67: Medium | J67: Not run
A68: CL-18 | B68: Office clerk – Students | C68: Office clerk | D68: Computer | E68: Students → Download Excel | F68: Tap "Download Excel". | H68: An Excel file with the children of the list downloads and opens. | I68: Low | J68: Not run
A69: CL-19 | B69: Office clerk – Register | C69: Office clerk | D69: Computer | E69: Attendance → Monthly register | F69: Choose Std 1 A and this month. Tap "Download Excel", then "Print / Save PDF". | H69: Grid of children × days with P / A / L / LT, grey holidays, "Present each day" row. Excel downloads; print shows the whole register. | I69: Medium | J69: Not run
A70: PR-01 | B70: Principal – Dashboard | C70: Principal | D70: Phone + Computer | E70: Dashboard | F70: Log in as the principal. | G70: principal@demo.test | H70: Dashboard with boxes: Students, Teachers, Classes, Attendance done today (x/8), Absent today, Meals to serve today. Numbers are not empty. | I70: High | J70: Not run
A71: PR-02 | B71: Principal – Dashboard | C71: Principal | D71: Phone + Computer | E71: Dashboard | F71: Look at "Attendance not taken". | H71: Lists classes still waiting today (at the start: Std 1 A and Std 3 A). After a teacher saves, that class goes away. | I71: High | J71: Not run
A72: PR-03 | B72: Principal – Dashboard | C72: Principal | D72: Phone | E72: Dashboard → Absent several days in a row | F72: Find Kiran Thakur. Tap her WhatsApp icon. | G72: Kiran Thakur | H72: Kiran Thakur, Std 4 A, "5 days". WhatsApp opens with a ready message to the family. | I72: High | J72: Not run
A73: PR-04 | B73: Principal – Dashboard | C73: Principal | D73: Phone + Computer | E73: Dashboard → Children who often miss school | F73: Look at the list. | H73: Kiran Thakur is listed with her % (below 75%) and Std 4 A. | I73: Medium | J73: Not run
A74: PR-05 | B74: Principal – Dashboard | C74: Principal | D74: Phone + Computer | E74: Dashboard (bottom) | F74: Scroll down. | H74: "Birthdays today: Ishaan Jagtap (Std 2 A)". Also "Attendance in the last 2 weeks" bars and "Syllabus progress" per class. | I74: Medium | J74: Not run
A75: PR-06 | B75: Principal – Dashboard | C75: Principal | D75: Phone + Computer | E75: Dashboard | F75: Look for the health box. | H75: "… children need to see a doctor again (from the last health camp)". | I75: Low | J75: Not run
A76: PR-07 | B76: Principal – Attendance | C76: Principal | D76: Phone + Computer | E76: Attendance | F76: Open Attendance. Tap a class that is done. Change one mark and save. | H76: Classes show "x present · y absent" or "Not done". The principal can change and save. | I76: High | J76: Not run
A77: PR-08 | B77: Principal – Attendance | C77: Principal | D77: Phone + Computer | E77: Attendance → class → Date | F77: Pick a date 10 days ago and change one mark. Save. | G77: 10 days ago | H77: Saved (the principal may correct old days; a teacher may not). | I77: Medium | J77: Not run
A78: PR-09 | B78: Principal – Staff | C78: Principal | D78: Computer | E78: More → Teachers & staff → Add teacher or staff | F78: Add a new teacher. | G78: Name: QA Teacher Two; Mobile 9820000099; Role Teacher | H78: Box "Login details" with a temporary password. "Copy message for WhatsApp" → "Copied…". The teacher is in the Active list. | I78: High | J78: Not run
A79: PR-10 | B79: Principal – Staff | C79: Principal | D79: Computer | E79: Teachers & staff → Add | F79: Try to add someone with a mobile number already used. | G79: Mobile 9820000004 | H79: Not added: message "This already exists" (or "Already used" under the box). | I79: Medium | J79: Not run
A80: PR-11 | B80: Principal – Staff | C80: Principal | D80: Computer | E80: Teachers & staff → Neha Joshi → Classes | F80: Open Neha Joshi, tab "Classes". Add: Std 2 A, Subject teacher, subject English. Then log in as Neha. | G80: newteacher@demo.test / NehaQa@2026 | H80: The class shows in her list. Neha's Today page now shows "English · Std 2 A" under My subjects. | I80: High | J80: Not run
A81: PR-12 | B81: Principal – Staff | C81: Principal | D81: Computer | E81: Neha Joshi → Reset password | F81: Tap "Reset password" and confirm. Log in as Neha with the new temporary password. | H81: A new temporary password is shown once. Neha's old password stops working; with the new one she must choose her own password again. | I81: High | J81: Not run
A82: PR-13 | B82: Principal – Staff | C82: Principal | D82: Computer | E82: QA Teacher Two → Make inactive | F82: Tap "Make inactive" and confirm. Try to log in as that teacher. Then "Make active again". | H82: Teacher moves to the "Inactive" tab and cannot log in ("This account is inactive…"). After "Make active again" login works. | I82: Medium | J82: Not run
A83: PR-14 | B83: Principal – Classes | C83: Principal | D83: Computer | E83: More → Classes & subjects | F83: In Std 4 A type "Computer" in "New subject" and tap Add. Then remove it (x) and confirm. | G83: Computer | H83: The subject appears as a chip and then is removed. | I83: Medium | J83: Not run
A84: PR-15 | B84: Principal – Classes | C84: Principal | D84: Computer | E84: Classes & subjects → Class levels | F84: Open "Class levels". | H84: Levels Balwadi to Std 7 with their "Next class level"; Std 7 is "Last class of the school". | I84: Low | J84: Not run
A85: PR-16 | B85: Principal – Classes | C85: Principal | D85: Computer | E85: Classes & subjects → Activities | F85: Add a new activity. Open its members, tick 2 children and save. | G85: Chess club; Kiran Thakur, Riya Kale | H85: The activity shows "2 members". | I85: Low | J85: Not run
A86: PR-17 | B86: Principal – Syllabus | C86: Principal | D86: Computer | E86: Syllabus → a subject → Edit chapters | F86: Add a chapter, paste 3 topics (one per line), tap "Add these topics". Remove one new topic. Try to remove a topic that is already taught. | G86: QA Chapter; Topic A / Topic B / Topic C | H86: Chapter with 3 topics appears; removing a new topic works; a taught topic cannot be removed ("Already taught, so it cannot be removed"). | I86: Medium | J86: Not run
A87: PR-18 | B87: Principal – Holidays | C87: Principal | D87: Computer | E87: More → Holidays | F87: Add a holiday for a date next week. Then delete it. | G87: QA Holiday, next week, type Holiday | H87: Holiday shows in the list, then is removed. (Do NOT add a holiday for today.) | I87: Medium | J87: Not run
A88: PR-19 | B88: Principal – Years | C88: Principal | D88: Computer | E88: More → Academic years | F88: Look at the list. | H88: 2026-27 "Current", older years "Closed", each with dates, classes and number of students (not 0). | I88: Medium | J88: Not run
A89: PR-20 | B89: Principal – Years | C89: Principal | D89: Computer | E89: Academic years → Start new academic year | F89: Go through all 5 steps for 2027-28. On the last step keep "Make it current now" OFF. Tap "Create the new year". | G89: 2027-28 | H89: "2027-28 is ready" with counts. The list shows 2027-28 as "Planned". IMPORTANT: do NOT make it current. | I89: High | J89: Not run
A90: PR-21 | B90: Principal – Years | C90: Principal | D90: Computer | E90: Academic years → (closed year) → Unlock for corrections | F90: Unlock the last closed year for 10 minutes with a reason. | G90: 10 minutes; reason: QA test | H90: "Unlocked until (time)". The activity log shows "Unlocked a year". | I90: Low | J90: Not run
A91: PR-22 | B91: Principal – School | C91: Principal | D91: Computer | E91: More → School settings → This school | F91: Change the phone number and save. Tap "Upload school logo" and choose the logo. | G91: Phone 022 2500 0099; test-files/school-logo.png | H91: "Saved". The new logo appears at the top left of the app. | I91: Medium | J91: Not run
A92: PR-23 | B92: Principal – School | C92: Principal | D92: Computer | E92: School settings → This school | F92: Look at "Register number prefix" and "Days teachers can change old attendance". | H92: Help text shows the next register number (e.g. "Next register number will be SS-…"). Do not change weekly holidays. | I92: Low | J92: Not run
A93: PR-24 | B93: Principal – Activity log | C93: Principal | D93: Computer | E93: More → Activity log | F93: Filter Person = Sunita Patil, then Kind of change = Attendance. Use "Older" / "Newer". | H93: Shows who changed what and when, e.g. "Sunita Patil · Saved attendance · Std 1 A". Filters and pages work. | I93: Medium | J93: Not run
A94: PR-25 | B94: Principal – Phone | C94: Principal | D94: Phone | E94: All pages on a phone | F94: On a phone, open every page from the bottom bar and "More". | H94: Every page fits the screen (no sideways scroll), all buttons can be tapped, nothing is hidden behind the bottom bar. | I94: High | J94: Not run
A95: OW-01 | B95: Trust owner | C95: Trust owner | D95: Phone + Computer | E95: Me → School (or the school name) | F95: Switch to "Signal Shala, Nerul". Then switch back to Thane. | G95: owner@demo.test | H95: Nerul data is shown and the app colours change to the Marigold look; back in Thane the red Signal Shala look returns. | I95: High | J95: Not run
A96: OW-02 | B96: Trust owner | C96: Trust owner | D96: Computer | E96: School settings → All schools | F96: Look at the table. Add a school. | G96: QA School, Kalyan | H96: Both schools with students, teachers and attendance. The new school is added to the table. | I96: Low | J96: Not run
A97: OW-03 | B97: Trust owner – second school | C97: Teacher (2nd school) | D97: Phone | E97: Today | F97: Log in as Imran. | G97: imran@demo.test | H97: Only Signal Shala, Nerul is shown, in the Marigold look. Thane children are not visible. | I97: Medium | J97: Not run
A98: LK-01 | B98: Looks | C98: Principal | D98: Phone + Computer | E98: More → School settings → Look | F98: Open the Look tab. | H98: 6 looks with a small preview each: Signal Shala (In use), Blackboard, Notebook, Marigold, Calm teal, Easy to read. | I98: High | J98: Not run
A99: LK-02 | B99: Looks | C99: Principal | D99: Phone + Computer | E99: School settings → Look | F99: Tap "Blackboard". Look around. Tap "Cancel". | H99: "You are trying “Blackboard”. Only you can see it." Colours, letters and icons change at once. Cancel returns to Signal Shala. | I99: High | J99: Not run
A100: LK-03 | B100: Looks | C100: Principal + Teacher | D100: Phone + Computer | E100: School settings → Look | F100: Tap "Notebook", then "Use for the whole school". On another phone, log in (or reload) as Sunita. | G100: sunita@demo.test | H100: "Everyone in the school now sees “Notebook”". Sunita's app is in the Notebook look too. | I100: High | J100: Not run
...

Sheet Logins
A1: Role | B1: Name | C1: Email | D1: Mobile | E1: Password | F1: What to use it for
A2: Teacher | B2: Sunita Patil | C2: sunita@demo.test | D2: 9820000004 | E2: password123 | F2: Class teacher of Std 1 A. Std 1 A attendance is not taken today.
A3: Teacher | B3: Rahul Verma | C3: rahul@demo.test | D3: 9820000005 | E3: password123 | F3: Class teacher of Std 5 A; teaches Maths and English in Std 5, 6, 7.
A4: Teacher | B4: Kavita Jadhav | C4: kavita@demo.test | D4: 9820000006 | E4: password123 | F4: Class teacher of Std 2 A and Std 3 A. Std 3 A attendance is not taken today.
A5: New teacher | B5: Neha Joshi | C5: newteacher@demo.test | D5: 9820000011 | E5: Welcome@123 (temporary) | F5: Logs in for the first time: must choose a new password. No class yet.
A6: Inactive teacher | B6: Deepak Rane | C6: inactive@demo.test | D6: 9820000012 | E6: password123 | F6: Made inactive: must NOT be able to log in.
A7: Office clerk | B7: Ganesh Pawar | C7: clerk@demo.test | D7: 9820000003 | E7: password123 | F7: Admits children, imports, health, leaving certificates. Cannot take attendance.
A8: Principal | B8: Anita Deshmukh | C8: principal@demo.test | D8: 9820000002 | E8: password123 | F8: Runs Signal Shala, Thane: everything in that school.
A9: Trust owner | B9: Meera Kulkarni | C9: owner@demo.test | D9: 9820000001 | E9: password123 | F9: Sees both schools (Thane and Nerul). Can add schools.
A10: Teacher (2nd school) | B10: Imran Shaikh | C10: imran@demo.test | D10: 9820000010 | E10: password123 | F10: Teacher at Signal Shala, Nerul (that school uses the "Marigold" look).

Sheet Test data
A1: Child | B1: Class | C1: About | D1: Used for
A2: Riya Kale | B2: Std 1 A | C2: Girl, has a photo. Parent Sunil Kale, 9123400001. Was in Balwadi A last year. | D2: Search, profile, attendance, diary, health, past years
A3: Aryan Mhatre | B3: Std 1 A | C3: Boy, NO photo. Parent Kavita Mhatre, 9123400002. | D3: Adding a photo
A4: Ishaan Jagtap | B4: Std 2 A | C4: Boy. His birthday is TODAY. | D4: Birthday line on the Dashboard
A5: Swati Gholap | B5: Std 2 A | C5: Girl. Last health check-up: "needs a doctor again" (eyes). | D5: Health follow-up
A6: Nikhil Sonawane | B6: Std 3 A | C6: Boy, studying. | D6: Mark as left school + leaving certificate
A7: Kiran Thakur | B7: Std 4 A | C7: Girl. Absent the last 5 school days, low attendance. | D7: Dashboard: "Absent several days in a row" and "Children who often miss school"
A8: Lata Bhalerao | B8: Std 2 A (last year) | C8: Girl. Left school last year (family moved away). | D8: "Search all years" and Re-admit
A10: File (folder test-files) | B10: What it is | C10: Used for
A11: child-photo-girl.jpg | B11: A drawn photo of a girl | C11: Add / change a child's photo
A12: child-photo-boy.jpg | B12: A drawn photo of a boy | C12: Add a photo for Aryan Mhatre
A13: teacher-photo.jpg | B13: A drawn photo of a woman | C13: Your own photo on the "Me" page
A14: school-logo.png | B14: A sample school logo | C14: School settings: Upload school logo
A15: photo-too-big-9MB.png | B15: A picture larger than 8 MB | C15: Must be refused: "The file is too large"
A16: not-a-photo.pdf | B16: A PDF, not a picture or sheet | C16: Must be refused: "This file type is not allowed"
A17: students-import-5-good.xlsx | B17: 5 correct children | C17: Import: all 5 rows ready
A18: students-import-with-errors.xlsx | B18: 5 rows: 1 correct, 4 with mistakes | C18: Import: 1 ready, 4 show problems
A19: students-import-3-rows.csv | B19: 3 correct children (CSV file) | C19: Import from a CSV file
A21: Schools: Signal Shala, Thane (Balwadi to Std 7, look "Signal Shala") and Signal Shala, Nerul (Balwadi to Std 2, look "Marigold").
A22: Every day counts as a school day in the test data, so attendance can be tested any day of the week.

Sheet Bugs
A1: Bug no. | B1: Test case ID | C1: Screen | D1: What happened | E1: What should happen | F1: Steps to see it again | G1: Phone / Computer (model, browser) | H1: Screenshot file | I1: How bad (Blocker / Major / Minor / Cosmetic) | J1: Date | K1: Fixed? (for developer)
A2: 1
A3: 2
A4: 3
A5: 4
A6: 5
A7: 6
A8: 7
A9: 8
A10: 9
A11: 10
A12: 11
A13: 12
... A41: 40

Sheet Summary
A1: Area | B1: Total | C1: Pass | D1: Fail | E1: Blocked | F1: Skipped | G1: Not run
A2: Login | B2: =COUNTIF('Test cases'!$B$2:$B$117,"Login*") | C2: =COUNTIFS('Test cases'!$B$2:$B$117,"Login*",'Test cases'!$J$2:$J$117,"Pass") | D2: =COUNTIFS('Test cases'!$B$2:$B$117,"Login*",'Test cases'!$J$2:$J$117,"Fail") | E2: =COUNTIFS('Test cases'!$B$2:$B$117,"Login*",'Test cases'!$J$2:$J$117,"Blocked") | F2: =COUNTIFS('Test cases'!$B$2:$B$117,"Login*",'Test cases'!$J$2:$J$117,"Skipped") | G2: =COUNTIFS('Test cases'!$B$2:$B$117,"Login*",'Test cases'!$J$2:$J$117,"Not run")
A3: Teacher | B3: =COUNTIF('Test cases'!$B$2:$B$117,"Teacher*") | C3: =COUNTIFS('Test cases'!$B$2:$B$117,"Teacher*",'Test cases'!$J$2:$J$117,"Pass") | D3: =COUNTIFS('Test cases'!$B$2:$B$117,"Teacher*",'Test cases'!$J$2:$J$117,"Fail") | E3: =COUNTIFS('Test cases'!$B$2:$B$117,"Teacher*",'Test cases'!$J$2:$J$117,"Blocked") | F3: =COUNTIFS('Test cases'!$B$2:$B$117,"Teacher*",'Test cases'!$J$2:$J$117,"Skipped") | G3: =COUNTIFS('Test cases'!$B$2:$B$117,"Teacher*",'Test cases'!$J$2:$J$117,"Not run")
A4: Office clerk | B4: =COUNTIF('Test cases'!$B$2:$B$117,"Office clerk*") | C4: =COUNTIFS('Test cases'!$B$2:$B$117,"Office clerk*",'Test cases'!$J$2:$J$117,"Pass") | D4: =COUNTIFS('Test cases'!$B$2:$B$117,"Office clerk*",'Test cases'!$J$2:$J$117,"Fail") | E4: =COUNTIFS('Test cases'!$B$2:$B$117,"Office clerk*",'Test cases'!$J$2:$J$117,"Blocked") | F4: =COUNTIFS('Test cases'!$B$2:$B$117,"Office clerk*",'Test cases'!$J$2:$J$117,"Skipped") | G4: =COUNTIFS('Test cases'!$B$2:$B$117,"Office clerk*",'Test cases'!$J$2:$J$117,"Not run")
A5: Principal | B5: =COUNTIF('Test cases'!$B$2:$B$117,"Principal*") | C5: =COUNTIFS('Test cases'!$B$2:$B$117,"Principal*",'Test cases'!$J$2:$J$117,"Pass") | D5: =COUNTIFS('Test cases'!$B$2:$B$117,"Principal*",'Test cases'!$J$2:$J$117,"Fail") | E5: =COUNTIFS('Test cases'!$B$2:$B$117,"Principal*",'Test cases'!$J$2:$J$117,"Blocked") | F5: =COUNTIFS('Test cases'!$B$2:$B$117,"Principal*",'Test cases'!$J$2:$J$117,"Skipped") | G5: =COUNTIFS('Test cases'!$B$2:$B$117,"Principal*",'Test cases'!$J$2:$J$117,"Not run")
A6: Trust owner | B6: =COUNTIF('Test cases'!$B$2:$B$117,"Trust owner*") | C6: =COUNTIFS('Test cases'!$B$2:$B$117,"Trust owner*",'Test cases'!$J$2:$J$117,"Pass") | D6: =COUNTIFS('Test cases'!$B$2:$B$117,"Trust owner*",'Test cases'!$J$2:$J$117,"Fail") | E6: =COUNTIFS('Test cases'!$B$2:$B$117,"Trust owner*",'Test cases'!$J$2:$J$117,"Blocked") | F6: =COUNTIFS('Test cases'!$B$2:$B$117,"Trust owner*",'Test cases'!$J$2:$J$117,"Skipped") | G6: =COUNTIFS('Test cases'!$B$2:$B$117,"Trust owner*",'Test cases'!$J$2:$J$117,"Not run")
A7: Looks | B7: =COUNTIF('Test cases'!$B$2:$B$117,"Looks*") | C7: =COUNTIFS('Test cases'!$B$2:$B$117,"Looks*",'Test cases'!$J$2:$J$117,"Pass") | D7: =COUNTIFS('Test cases'!$B$2:$B$117,"Looks*",'Test cases'!$J$2:$J$117,"Fail") | E7: =COUNTIFS('Test cases'!$B$2:$B$117,"Looks*",'Test cases'!$J$2:$J$117,"Blocked") | F7: =COUNTIFS('Test cases'!$B$2:$B$117,"Looks*",'Test cases'!$J$2:$J$117,"Skipped") | G7: =COUNTIFS('Test cases'!$B$2:$B$117,"Looks*",'Test cases'!$J$2:$J$117,"Not run")
A8: General | B8: =COUNTIF('Test cases'!$B$2:$B$117,"General*") | C8: =COUNTIFS('Test cases'!$B$2:$B$117,"General*",'Test cases'!$J$2:$J$117,"Pass") | D8: =COUNTIFS('Test cases'!$B$2:$B$117,"General*",'Test cases'!$J$2:$J$117,"Fail") | E8: =COUNTIFS('Test cases'!$B$2:$B$117,"General*",'Test cases'!$J$2:$J$117,"Blocked") | F8: =COUNTIFS('Test cases'!$B$2:$B$117,"General*",'Test cases'!$J$2:$J$117,"Skipped") | G8: =COUNTIFS('Test cases'!$B$2:$B$117,"General*",'Test cases'!$J$2:$J$117,"Not run")
A9: All tests | B9: =COUNTA('Test cases'!$J$2:$J$117) | C9: =COUNTIF('Test cases'!$J$2:$J$117,"Pass") | D9: =COUNTIF('Test cases'!$J$2:$J$117,"Fail") | E9: =COUNTIF('Test cases'!$J$2:$J$117,"Blocked") | F9: =COUNTIF('Test cases'!$J$2:$J$117,"Skipped") | G9: =COUNTIF('Test cases'!$J$2:$J$117,"Not run")
